{"Aachen": 0.5947090960601052, "Augsburg": -0.5296619608146883, "Bergisch Gladbach": 1.8123714803527533, "Berlin": -1.1223330322585292, "Bielefeld": 0.5525436083055146, "Bochum": -0.30913717509516053, "Bonn": 0.4910463952985472, "Bottrop": 0.35855684534885407, "Braunschweig": -0.12437012246765707, "Bremen": -0.4474641607095504, "Bremerhaven": -1.1771319448881028, "Chemnitz": 0.8588215526712263, "Darmstadt": 0.7516131723861387, "Dessau-Ro\u00dflau": 0.048548192111917375, "Dortmund": -0.08381441602693888, "Dresden": -0.34062871032845543, "Duesseldorf": -1.101239806537364, "Duisburg": -1.027002449774291, "Erfurt": 0.2563066044654625, "Erlangen": -1.2827043041608703, "Essen": -0.2646368742243192, "Frankfurt Am Main": -1.0360216418754462, "Freiburg Im Breisgau": 1.0841033804169735, "Gelsenkirchen": -0.6012978748672291, "Goettingen": 1.3497651726356124, "Guetersloh": 0.043066567616664955, "Hagen": 1.5947023134437168, "Halle": 2.5287887718295523, "Hamburg": -0.3706615909256542, "Hamm": -0.020616524611646054, "Hannover": -0.9954099662915409, "Heidelberg": 0.2983951988885178, "Heilbronn": -0.6606897470138272, "Herne": -0.8020303954652247, "Hildesheim": 0.6311666432423902, "Ingolstadt": -1.452783106295715, "Jena": 1.5081844012658854, "Kaiserslautern": 2.271224838260409, "Karlsruhe": -0.31746731286743546, "Kassel": 0.4444165056275854, "Kiel": 0.25949277602242965, "Koblenz": 0.4568333679708531, "Koeln": -0.7113510140431242, "Leipzig": -0.8800374553284263, "Leverkusen": -0.7559756350241322, "Ludwigshafen Am Rhein": -2.336500188349169, "Luebeck": 0.6779895650524402, "Magdeburg": -0.6796498930339384, "Mainz": -1.1506686454713047, "Mannheim": -1.7194333562409656, "Moenchengladbach": -0.4777145638004703, "Moers": -0.7348235764964632, "Muenchen": -1.5619421368532713, "Muenster": 0.40822116583921597, "Neuss": -1.0420502312520754, "Nuernberg": -1.6674241772761937, "Oberhausen": -0.6441389436145991, "Offenbach Am Main": -0.267343489512233, "Oldenburg": -0.37219410785932755, "Osnabrueck": 0.1054827662311673, "Paderborn": -0.025072216027364702, "Pforzheim": 1.5631555660143805, "Potsdam": 0.5605502485146372, "Recklinghausen": -0.24730452455451574, "Regensburg": -1.452783106295715, "Remscheid": 0.9912548304188722, "Reutlingen": 0.39040332043595644, "Rostock": -0.09242800684373301, "Saarbruecken": 1.7430500148073464, "Salzgitter": 0.9409992151780503, "Siegen": 2.7741081103637324, "Solingen": 0.7942742573434741, "Stuttgart": -0.22523720369452813, "Trier": 0.932936086364447, "Ulm": 0.2974187600691262, "Wiesbaden": 0.4326809076922233, "Wilhelmshaven": -0.12709928664206352, "Wolfsburg": 0.356928640695737, "Wuerzburg": -0.5673455001843004, "Wuppertal": 0.6415100366557197}